{"train_loss": [0.47715919767440573, 0.4706169863012085, 0.4688847382154832, 0.4679197670913964, 0.4671727612880643, 0.4668049766834434, 0.46622307214317027, 0.4659570147205499, 0.4655548108509545, 0.4652085764828862, 0.46495040660829656, 0.4646841160543562, 0.46442747001444723, 0.4643774358750087, 0.4640393957595815], "test_loss": [0.4674573800510438, 0.46646144540358164, 0.4668752282686529, 0.4653183693651097, 0.465383853458658, 0.46528853565233014, 0.46501610651418857, 0.46606299132566475, 0.46554299030016877, 0.46496718694882305, 0.46581536392671025, 0.46489761247505457, 0.4649493912846473, 0.46524617852829336, 0.46494491437307434], "train_acc": [0.7917767330209545, 0.7941664832227429, 0.7947124909588352, 0.7950932681321216, 0.7952432990555258, 0.7953035734876359, 0.7956869712884053, 0.7956747853706091, 0.7959900468568194, 0.7961913110475172, 0.7962400547187019, 0.7962717643112467, 0.7964284778347327, 0.7963921821440926, 0.7967392842542218], "test_acc": [0.795618449339076, 0.796784457685241, 0.796823045680748, 0.7968611687606466, 0.7968188614402714, 0.7970155207426748, 0.7970071522617215, 0.7968830197942469, 0.7975120506125728, 0.79709548622734, 0.7971387233789322, 0.7970727053625226, 0.7973907076387494, 0.7970113365021981, 0.7971205916702], "train_balanced_accuracy": [0.5781831861136904, 0.5843265189249677, 0.5856023871178397, 0.586595665702812, 0.5870073588137856, 0.5873758995550459, 0.5877666895165911, 0.5880395538360642, 0.5884417598535334, 0.5891308352075552, 0.5893764823094675, 0.589521829352246, 0.5897102256184623, 0.5899939345380796, 0.5906193325019066], "train_negative_lr": [0.1933926868376952, 0.1842822467321857, 0.1821816978347704, 0.18089091124299606, 0.1804175084457712, 0.18050927832252478, 0.17840099676663077, 0.17886666501933052, 0.17725876416610717, 0.1768474655522972, 0.1768592072651987, 0.17684659215412857, 0.17604391303839106, 0.17668785978258997, 0.17521509201747393], "train_positive_lr": [1.1939684991072979, 1.2126113104898562, 1.2165349033700694, 1.2196294993189039, 1.2209209034286668, 1.2221170041928084, 1.2232250778338283, 1.2241430546180698, 1.2253272848936028, 1.227537020573551, 1.2283389762813293, 1.2288125556432872, 1.2293660190810776, 1.2303444846552778, 1.2322799911722748], "test_balanced_accuracy": [0.5946208909335309, 0.5898486609754641, 0.5848260672444169, 0.590699627702329, 0.5870161376539855, 0.5803522211977384, 0.586760981013954, 0.5816741101820037, 0.5870401853352959, 0.586334307827294, 0.5873952582754771, 0.5872666880903575, 0.5827674588827537, 0.5859573605005987, 0.5880847959573081], "test_negative_lr": [0.1952153278683602, 0.18227723925648337, 0.1751609183044438, 0.18284591341417852, 0.17829251426608636, 0.16672883683682982, 0.1766268285587874, 0.1699056626310215, 0.17348911081467583, 0.17540261747501698, 0.1765983760990961, 0.17687738306393055, 0.16784632396324292, 0.17545662366586356, 0.17767578213222598], "test_positive_lr": [1.2474220526014494, 1.2303083564849806, 1.213581347149928, 1.2331577136144511, 1.2207952706508853, 1.1991034844654778, 1.2198554470932024, 1.2033674127005851, 1.2205281909255334, 1.21840129742471, 1.2218938182519927, 1.2214997726099293, 1.2066405852248132, 1.2172003073073063, 1.2242010132939507]}