{"train_loss": [0.4763289555010138, 0.47004828466757465, 0.4682436971134154, 0.467304523002902, 0.4667530673467654, 0.4661480870450948, 0.4656951940252149, 0.46522002163315135, 0.4649102758529035, 0.4646494618910675, 0.4643029541750588, 0.4640104484716608, 0.4639108776360315, 0.4636597006360469, 0.4634468321553902], "test_loss": [0.46903476853584897, 0.4677401513853678, 0.4679509163463743, 0.4673207565319129, 0.4672730465785486, 0.4669180291900015, 0.4677906312573549, 0.4670857942573553, 0.4670949920693276, 0.4668215521627745, 0.4667855204793121, 0.46797940704811947, 0.46703006900468463, 0.4670498076413755, 0.4669234945592805], "train_acc": [0.7920866630945057, 0.7942410519587596, 0.7949991139196566, 0.7951822023911902, 0.7954261028568327, 0.7956274610261672, 0.7957776640416591, 0.7959969004152703, 0.7961696795573304, 0.7961861222853512, 0.7965756583420354, 0.7966072388196627, 0.7967613567703976, 0.796698195815143, 0.7968427874234533], "test_acc": [0.7953101297605514, 0.7959362946148397, 0.7955186930162665, 0.7964930967462707, 0.7961790641448407, 0.7964170828034132, 0.7966237457105569, 0.7962698057891269, 0.7961101765091262, 0.7962294233819839, 0.796168137140555, 0.7961192031648405, 0.7956569433748385, 0.7959667001919827, 0.7964940469205564], "train_balanced_accuracy": [0.5780993988706752, 0.5831324670746236, 0.5857629034908858, 0.5858071391406733, 0.5863197102601906, 0.5868398603665926, 0.5873296663059457, 0.5878695059184438, 0.5884367030121435, 0.5880129572617642, 0.5889737008270545, 0.5895298867376502, 0.5898943336238069, 0.5899191611688746, 0.5901550810815971], "train_negative_lr": [0.19274641378677349, 0.18377984596422683, 0.18202943525333848, 0.18080540496057815, 0.17980930298623665, 0.17912998446795603, 0.17877027079205957, 0.17800725318498875, 0.17760993157391372, 0.17690087310136404, 0.1755773880751878, 0.17614560562730663, 0.1756082001174978, 0.17607178004444946, 0.17542142190678], "train_positive_lr": [1.193673469378601, 1.2087971386486278, 1.2170379750477214, 1.2170935180727407, 1.2186656899441857, 1.2202883389964307, 1.2218404015705593, 1.2235286006776411, 1.2253372235843665, 1.2239109482280026, 1.226928827782095, 1.2287847578934443, 1.2299341959212728, 1.2300515337246594, 1.230773220378434], "test_balanced_accuracy": [0.5901630507993947, 0.5816839027370753, 0.5821481452777612, 0.5921407480236195, 0.5858786044904748, 0.5842525503159068, 0.586367953043348, 0.5800242865987032, 0.5783915081791365, 0.5788256124911709, 0.5827874351538894, 0.5854405566234612, 0.5833094253403838, 0.5852216192613283, 0.5820606566685471], "test_negative_lr": [0.18550190332383182, 0.16882150105125468, 0.17272358543318567, 0.1802515701438954, 0.17364107624433917, 0.16939915028414185, 0.171203811615449, 0.1633949180164767, 0.1617061613841628, 0.16154743489277637, 0.1688845614891141, 0.1734105192635195, 0.17351464183025242, 0.1741769809832405, 0.16520611516581007], "test_positive_lr": [1.2316016280651532, 1.2033327837625, 1.2050113438620749, 1.2377219946454285, 1.2168236030509352, 1.2113900896658296, 1.2182160152423442, 1.1979102232589587, 1.1928512832376927, 1.1941580695985319, 1.2067670064257252, 1.2154136467820729, 1.2086907562663736, 1.2147700524139688, 1.204283691576845]}