{"train_loss": [0.47544139472161046, 0.46925283115967076, 0.46776071732947117, 0.46676419649280987, 0.46619125535080824, 0.4655717839102048, 0.4651940819876864, 0.46479965818488966, 0.46442632500803305, 0.464258361015052, 0.46387601905650655, 0.463570751845003, 0.463422699019791, 0.4632480196731134, 0.46297383915408546], "test_loss": [0.47249028325127274, 0.4717096339434841, 0.4720121973704369, 0.47138261066605, 0.47144508604500573, 0.47048636911956243, 0.4714336414868932, 0.47041088804089726, 0.47021670712524605, 0.47069340252535713, 0.47107295163888346, 0.4708782893123934, 0.47076495980188116, 0.4712991338706545, 0.4705803213145431], "train_acc": [0.7923055132792329, 0.7948880511158571, 0.7953215221343896, 0.7955626420097491, 0.7957916994061369, 0.7961582431219875, 0.7963944342424983, 0.7965895091712455, 0.7966138935373388, 0.7967601997338991, 0.796860071871622, 0.797025963383502, 0.79701493853713, 0.7972363433930949, 0.7974213014039947], "test_acc": [0.7931443722108183, 0.7932315378801884, 0.79339150125145, 0.7932066334032255, 0.7940490752297199, 0.793881927874719, 0.7941506088665685, 0.7940481173652213, 0.7941338462378436, 0.7939537677121119, 0.79422340656846, 0.7938254138693033, 0.7940596117392041, 0.7939666988828427, 0.7938182298855639], "train_balanced_accuracy": [0.5762588113372256, 0.5840622478695733, 0.5845695821622277, 0.5853222984250697, 0.5855281362089159, 0.5865627095624605, 0.5869973466193823, 0.5875685033069039, 0.5880370056712348, 0.5880723593031079, 0.5885813465778793, 0.5892213140256398, 0.5889014205938397, 0.5896005409706474, 0.5900150931800883], "train_negative_lr": [0.19230999980515964, 0.1838526519365277, 0.18146922380356792, 0.18080495573141517, 0.17947545015502206, 0.1783491883270831, 0.17731011792196943, 0.17675734238253507, 0.1772448576180979, 0.1762847063671673, 0.17631075704858123, 0.17606811523948437, 0.17569656729794839, 0.17516355343626241, 0.17448691073817957], "train_positive_lr": [1.1880222105117828, 1.2117430903090114, 1.2131927929598911, 1.2155440777618511, 1.2161088936934963, 1.2193416676968092, 1.2206639977073588, 1.2224641222440213, 1.2240142650195753, 1.2240575841523185, 1.2257092220742096, 1.227772297251631, 1.2267027969639897, 1.2289397262730064, 1.2302420011970734], "test_balanced_accuracy": [0.5918944381024552, 0.5914892974143655, 0.58585905402627, 0.5779470409618528, 0.5844284355782567, 0.5858726136926455, 0.5854096459813776, 0.5847979308790385, 0.5862006279216044, 0.5839969063421346, 0.5856632730572385, 0.5862237879626602, 0.5891836098315842, 0.58080646361357, 0.583791007415396], "test_negative_lr": [0.19103813842026482, 0.18997932177890361, 0.1814002139208024, 0.17013807923073573, 0.1745188803427069, 0.1779374887942518, 0.17530816117568532, 0.17510348521779054, 0.1766335915192264, 0.17453792139028437, 0.17517412697734833, 0.17885975969866968, 0.1814603224949489, 0.1691676777366684, 0.1752101443884055], "test_positive_lr": [1.237819283479166, 1.23637400010099, 1.2173015735219836, 1.1919536138154105, 1.2122799445533126, 1.2171021998408604, 1.2154445490510222, 1.2134883196592376, 1.2180599103746963, 1.210918958372438, 1.216242866904568, 1.2182908050469643, 1.2280645545932303, 1.2006415902346017, 1.2103139026022198]}