{"train_loss": [0.476128559813024, 0.46955068188784477, 0.46795651724933807, 0.4670522166974288, 0.4663825709253331, 0.465788212718774, 0.4652549475445102, 0.46497910273894044, 0.46460567325016205, 0.4642324996483335, 0.4639438766394511, 0.46369600877494266, 0.4634182140121481, 0.46323817832022257, 0.46308130908477046], "test_loss": [0.471005079958277, 0.47008421179721566, 0.46897040656695, 0.46942140677545524, 0.4688781095200867, 0.4690646270993495, 0.46852845082604727, 0.46842442138600715, 0.4684600199667064, 0.46887142125614817, 0.46887620087558046, 0.4683106052808194, 0.4683676452858862, 0.46849763348113016, 0.46864097906439], "train_acc": [0.7924677145111054, 0.7948301312372255, 0.795202696402736, 0.7953460914312893, 0.7955980476275784, 0.7959291002597086, 0.7961015671570646, 0.7961192459962013, 0.7964191314897054, 0.7966129439483893, 0.7966431944064677, 0.7967579104293103, 0.7969185914339084, 0.7969602349216526, 0.7970780938492307], "test_acc": [0.7937862348557636, 0.7943842710847608, 0.7948290488130668, 0.7952827314695475, 0.7945600262461041, 0.7947812434091814, 0.7946022074848265, 0.7953633445035503, 0.794867011927917, 0.7947001616947484, 0.7948013966676821, 0.7954819206524032, 0.7951880580226373, 0.7954936376631594, 0.7947667143158438], "train_balanced_accuracy": [0.5787117658502741, 0.585153159721781, 0.5846099842072956, 0.5852018382935037, 0.5863130300502155, 0.5870078386897275, 0.5874152414236198, 0.5876176563293329, 0.5882810234390484, 0.5887931161508582, 0.5890939515411331, 0.5894640543391002, 0.5901180017051202, 0.5901246451032233, 0.5904053615594759], "train_negative_lr": [0.1928196016487673, 0.18432513203195078, 0.18094941039040008, 0.18075882200598, 0.1805283936978303, 0.17918319354438927, 0.17855234835219183, 0.17871090225828165, 0.1775646435493007, 0.17694746686715335, 0.17715840776663785, 0.1768894224953362, 0.1767028330677071, 0.17643079209460263, 0.17602294851211447], "train_positive_lr": [1.1955642110916236, 1.2152484575578613, 1.2132859092555692, 1.2151566585453581, 1.2186954143702116, 1.2208329363676735, 1.2221006439369866, 1.2227660531505475, 1.2248287207532138, 1.2264452817401006, 1.2274405938512678, 1.2286271762940604, 1.2307522198574838, 1.230752633451497, 1.2316413032547409], "test_balanced_accuracy": [0.5932492329058465, 0.5855724079555743, 0.5863977099073288, 0.5852013346736461, 0.5855290503650955, 0.5846285222586602, 0.5872526926002971, 0.5839946963752993, 0.5783095146736286, 0.5780553905898089, 0.5828184723644615, 0.5870050636339923, 0.5921390049465578, 0.5860602917126848, 0.5848737204562698], "test_negative_lr": [0.19306495262192963, 0.17916148822367917, 0.17721339109458195, 0.17214505921704948, 0.1778462069885414, 0.174898339767123, 0.1800367217042979, 0.1696240725997379, 0.16358340046328168, 0.16446050145040986, 0.17189703458013286, 0.17349616800361603, 0.1827049819855604, 0.17196212888331616, 0.17537880123749774], "test_positive_lr": [1.2425584706268573, 1.216228442548861, 1.2187318226614268, 1.2145687190854355, 1.2159990735738258, 1.2129380421686955, 1.2216844960144435, 1.2105935741469502, 1.1927025951458823, 1.1919799980341066, 1.2070512914308373, 1.220415976354949, 1.2379233061402881, 1.2172870941952942, 1.2137470566414656]}