{"train_loss": [0.4763472847952826, 0.4699927473564419, 0.4685289437766836, 0.46753228750325393, 0.46669845875925464, 0.4662214339880541, 0.46570870094057554, 0.46545433593749413, 0.46503239724474693, 0.4646801888421739, 0.46442998311974704, 0.464036182663688, 0.4638910928787972, 0.4637198549616488, 0.4635833954671924], "test_loss": [0.4704142915313276, 0.4696527735492345, 0.46885809030351805, 0.46922042446085166, 0.4685987779461776, 0.46816296459370366, 0.4682781710030269, 0.4680813778880753, 0.4686354106659902, 0.4676713653358442, 0.467888136219698, 0.4677865073217897, 0.4679445700158419, 0.4677360767530962, 0.46866788201703063], "train_acc": [0.7915974911417138, 0.7942564091080472, 0.794590482628177, 0.7948943515276248, 0.7952772471717018, 0.7953474208378554, 0.795552994527756, 0.7958467084254227, 0.7959330259405615, 0.7961526604021589, 0.7961814329072051, 0.79639794275287, 0.7964601746868614, 0.7964744958432193, 0.7965523508568738], "test_acc": [0.7952139782223347, 0.7954184723144623, 0.7949191818325155, 0.7956750455094913, 0.795104086537313, 0.7958728505425304, 0.7960816447440718, 0.7955914322708878, 0.796018576472668, 0.7953831158592813, 0.7960778224245928, 0.7960529773479792, 0.7955699317238183, 0.7958623391639632, 0.7960376880700631], "train_balanced_accuracy": [0.5748419785478398, 0.5832734796377966, 0.5834271240009823, 0.5832953233226306, 0.5844652775400206, 0.5846465263819327, 0.5849628703322227, 0.5854377499845169, 0.5862474051109396, 0.5868165490027855, 0.5870243712101829, 0.5875063993176617, 0.5882352283750613, 0.5880922823174729, 0.5881687694316959], "train_negative_lr": [0.19338961236815844, 0.18507152400249816, 0.1828866891664118, 0.18050866152719935, 0.17942636990092337, 0.1791835473264878, 0.17816915343911677, 0.1767618750699299, 0.1773182029830641, 0.1765894131585237, 0.17668520371368512, 0.1758629953100304, 0.17646781480461252, 0.17616657318423828, 0.1757366011204382], "train_positive_lr": [1.1837901917824691, 1.2093271572432707, 1.2096684764651058, 1.2090970245631714, 1.212723750363851, 1.213282474660429, 1.2142186248268643, 1.215633484826629, 1.2182577371302594, 1.2200312161937277, 1.2207059864850083, 1.222198652129115, 1.224598511210125, 1.2241133152716437, 1.2243290291422675], "test_balanced_accuracy": [0.5901809404418147, 0.5825426148136542, 0.5817122349863031, 0.5815646290196799, 0.5838263154833708, 0.5818812843137935, 0.5849246316846284, 0.5863933680735298, 0.5842708711757811, 0.5867940831098046, 0.582787067114855, 0.5862713045060771, 0.5877794751208786, 0.5825050701811998, 0.5848446663701823], "test_negative_lr": [0.18358888784645463, 0.17108129441190653, 0.17349958448384942, 0.16752064202608713, 0.17542132795261595, 0.16654596055484341, 0.16998546837409412, 0.17576049766518728, 0.1694069771181634, 0.17781102020987619, 0.16652232227253674, 0.17229307439579186, 0.1779134922280577, 0.167677986175414, 0.17018325453009034], "test_positive_lr": [1.2315063622800322, 1.206139400632555, 1.2037027481477165, 1.202885963582653, 1.2104388852973418, 1.2038081419283264, 1.2135485817888132, 1.2186154711496973, 1.2114482659854235, 1.2200464049714337, 1.2066201717793075, 1.217983044595673, 1.2232304603746393, 1.2058131704076334, 1.2133088963134155]}