{"train_loss": [0.6870962485006059, 0.6837180253350912, 0.6821283345166195, 0.6809817608703013, 0.6797957337207301, 0.6789247870448781, 0.6780223042335227, 0.6772838641075358, 0.6765711987378166, 0.675917862003797, 0.6753542695440372, 0.6745398291492348, 0.6739936890563425, 0.6734742335173604, 0.6729717740667546], "test_loss": [0.6840243481281753, 0.6827804692004447, 0.6819633854243363, 0.6815390685506081, 0.681228153244159, 0.6813024978825744, 0.6809533471297127, 0.680943528794072, 0.6810403657007377, 0.6810053798156679, 0.6813006545982342, 0.6811891156984049, 0.6813638712243218, 0.6814679012876478, 0.6813918686432352], "train_acc": [0.5429055549817593, 0.5555476508099074, 0.560155676141046, 0.5632455088003895, 0.5659666272071394, 0.568700024051292, 0.5706067931538322, 0.5720950119931443, 0.5738714129809085, 0.5753112403316334, 0.576600476258919, 0.5783125960155748, 0.5794396843430422, 0.5802547559082757, 0.5813771495390891], "test_acc": [0.5535210937683004, 0.5571961386002036, 0.5593707136406109, 0.5605081035779632, 0.5606395410878862, 0.5605041994935102, 0.5605159117468695, 0.561223852394375, 0.5607306363917931, 0.5605705689292138, 0.5590987290903744, 0.5603259129701493, 0.5597715329778014, 0.5593746177250639, 0.5592600979144381], "train_balanced_accuracy": [0.5429055549817593, 0.5555476508099074, 0.560155676141046, 0.5632455088003894, 0.5659666272071394, 0.568700024051292, 0.5706067931538321, 0.5720950119931443, 0.5738714129809085, 0.5753112403316334, 0.576600476258919, 0.5783125960155748, 0.5794396843430423, 0.5802547559082758, 0.5813771495390891], "train_negative_lr": [0.8472736948867559, 0.792565221202538, 0.7795170118000544, 0.7699403346618571, 0.7620215795658551, 0.7535764804634268, 0.7483674178560857, 0.7433631958986859, 0.7380687442138003, 0.733957161263985, 0.7313641331673408, 0.7267691951022217, 0.7247081261630839, 0.7209273121585085, 0.7191433460753729], "train_positive_lr": [1.1958540766872177, 1.2392065017588714, 1.2648115529158903, 1.280977707185201, 1.2960744809656333, 1.3105625145905744, 1.3218100208871353, 1.3290842734783497, 1.3389000444011478, 1.3471833998977811, 1.3565235953394243, 1.367004865665327, 1.3757173601147776, 1.37780550748192, 1.3870424760825133], "test_balanced_accuracy": [0.5535210937683004, 0.5571961386002036, 0.5593720150020952, 0.5605081035779633, 0.5606395410878862, 0.56050419949351, 0.5605159117468695, 0.5612238523943749, 0.5607319377532776, 0.5605705689292138, 0.5590987290903744, 0.5603259129701493, 0.5597715329778014, 0.5593759190865484, 0.5592600979144381], "test_negative_lr": [0.8031974963632188, 0.7691188367426273, 0.7894899550584609, 0.7774160810370909, 0.7848955568378534, 0.7969596128987179, 0.7776927894291493, 0.7852584876895411, 0.7774757892628777, 0.7915087662715797, 0.806056645996686, 0.7861413544934491, 0.7902308693567172, 0.7788752326302728, 0.7902381051089645], "test_positive_lr": [1.2346935864001323, 1.2267256810643226, 1.2723972606829188, 1.265204966889306, 1.2780449674201018, 1.2995123333913121, 1.265674097603894, 1.2849010785376456, 1.267450656763634, 1.2891452497654858, 1.3026383307676415, 1.276829916454169, 1.2779290563845622, 1.2565030892133329, 1.27247433043728]}