{"train_loss": [0.6872461376284342, 0.6837267634925499, 0.6821380402607682, 0.6810008352086693, 0.6799161339385928, 0.6789602049957112, 0.6781676638699123, 0.6773796680970217, 0.6766568152314252, 0.676021128698849, 0.6751708124794762, 0.6747450479656801, 0.6741219090090128, 0.6735112951973494, 0.6730681703643208], "test_loss": [0.6838795124632396, 0.6827228648663682, 0.6817689170793776, 0.6815157005108585, 0.6811130309517631, 0.6810516803299445, 0.6810239450893253, 0.6810129111910111, 0.6809263064533235, 0.6813241099086776, 0.6813840531358453, 0.68127366404725, 0.6814105786770069, 0.6815098249262209, 0.6817077150189679], "train_acc": [0.5428173942582912, 0.5557246875915383, 0.5602473502047937, 0.563648343549628, 0.565800998526752, 0.5681296227923771, 0.570217143942878, 0.5720707590861688, 0.5733101010689864, 0.5747491627964219, 0.5765084958260372, 0.5775650312678353, 0.5785834220376884, 0.5797025723183395, 0.5807472325320793], "test_acc": [0.5534087955502417, 0.5560820294224671, 0.5589203098196185, 0.5591451369756198, 0.5597949264438322, 0.5596974580236004, 0.5595843946561314, 0.5599196860217289, 0.5602952643343556, 0.5591204449758278, 0.5590879555024172, 0.5592867910796901, 0.5591438373966835, 0.5584914487705983, 0.5589164110828092], "train_balanced_accuracy": [0.5428173942582912, 0.5557246875915383, 0.5602473502047938, 0.563648343549628, 0.565800998526752, 0.5681296227923771, 0.570217143942878, 0.5720707590861688, 0.5733101010689865, 0.5747491627964219, 0.5765084958260372, 0.5775650312678353, 0.5785834220376884, 0.5797025723183395, 0.5807472325320793], "train_negative_lr": [0.8474486741105712, 0.7947882390826411, 0.7805839875234263, 0.7719090328778959, 0.7669664112720284, 0.7605554178407556, 0.7564024778469398, 0.750031514873148, 0.7482112730890687, 0.7452669840405572, 0.7390106146739551, 0.7378464599633425, 0.7344461766329661, 0.7313877943564574, 0.7297864910104647], "train_positive_lr": [1.1952237973354336, 1.243922148048503, 1.2672676507821468, 1.2880642082599079, 1.3023484611734204, 1.3161935523738106, 1.3316050024726855, 1.340469333841064, 1.3510300645125717, 1.3618783808503407, 1.3698705681778642, 1.37999040966931, 1.3850670682355595, 1.3920824083810415, 1.401383092711216], "test_balanced_accuracy": [0.5534087955502418, 0.5560807298435306, 0.5589216093985548, 0.55914513697562, 0.5597949264438322, 0.5596974580236004, 0.5595843946561314, 0.559919686021729, 0.5602952643343557, 0.5591204449758278, 0.5590879555024172, 0.5592867910796901, 0.55914513697562, 0.5584914487705983, 0.5589164110828091], "test_negative_lr": [0.8081453160231362, 0.7726911184505092, 0.7848601607652961, 0.7892355499159461, 0.7777783144168074, 0.7781973221054257, 0.786073226608685, 0.7878674948240165, 0.7866546496282228, 0.7910498491160545, 0.8050801680528167, 0.8015986918212736, 0.7947754800191196, 0.7952283026078727, 0.7914203293290577], "test_positive_lr": [1.2409943060206063, 1.2214143881126953, 1.260571960597248, 1.269603748659712, 1.2589397264899544, 1.2585947747372452, 1.2690369031622064, 1.2754465619212618, 1.2773702554537247, 1.2723696736377623, 1.3001518352257722, 1.2946990348961898, 1.2792462786388348, 1.2728683674459214, 1.2708361959268528]}