{"train_loss": [0.6871175925484908, 0.6836916107520965, 0.6820253798827238, 0.6808514805829994, 0.6799068634588913, 0.6789802686638365, 0.6780743420590459, 0.6772971365245027, 0.6765316180430592, 0.6758702823466141, 0.6751895121133769, 0.6746565236708953, 0.6739586865414783, 0.6735139074188506, 0.672984814417222], "test_loss": [0.6840288344383745, 0.6829152433883556, 0.681801030188376, 0.6813804867196861, 0.6810466583712186, 0.6809961909263076, 0.6809474316789063, 0.6808297968294286, 0.6808793986538281, 0.6809715574654628, 0.6810290391556313, 0.6810285730423207, 0.6811392075682485, 0.6812645516031606, 0.6811584205952979], "train_acc": [0.543739800713878, 0.5555828657759531, 0.5606370985878133, 0.5634175753521817, 0.5658062986177985, 0.5684916300982015, 0.5706082522676292, 0.572392226341981, 0.5738655366482335, 0.5751215264763376, 0.5763295832636562, 0.5773707754052324, 0.5785950501386815, 0.5797054388504144, 0.5807614073429094], "test_acc": [0.5542281115314032, 0.5572654392051521, 0.5596436132582551, 0.5603889136887281, 0.5608340055395009, 0.5611681507412541, 0.5609149313305505, 0.5608261740113348, 0.5602857985678745, 0.5608366160488896, 0.5604959445736647, 0.5605559862896047, 0.5602296726160175, 0.5596801603896968, 0.5600913156184166], "train_balanced_accuracy": [0.543739800713878, 0.5555828657759531, 0.5606370985878133, 0.5634175753521817, 0.5658062986177985, 0.5684916300982015, 0.5706082522676292, 0.572392226341981, 0.5738655366482335, 0.5751215264763376, 0.5763295832636562, 0.5773707754052324, 0.5785950501386814, 0.5797054388504144, 0.5807614073429094], "train_negative_lr": [0.8334394650959166, 0.8010174525496307, 0.7831326854167204, 0.7732836347800542, 0.7669372646627098, 0.760976499367992, 0.7538394076575812, 0.7494364825032026, 0.7468681955891053, 0.7409321916982465, 0.7364407454603377, 0.732193401669355, 0.7253629768065094, 0.724922511281263, 0.7209237739533505], "train_positive_lr": [1.184249838317408, 1.2518884364807548, 1.2751286931836763, 1.2878980245612772, 1.3023553490466997, 1.3208755510605859, 1.331242465690891, 1.3429572931801923, 1.3547929198944044, 1.3576680537085495, 1.3628016609337956, 1.3665218319177088, 1.3675721776592678, 1.379109783942787, 1.3834612455829634], "test_balanced_accuracy": [0.5542281115314032, 0.5572654392051521, 0.5596436132582551, 0.5603902189434224, 0.5608340055395009, 0.5611681507412541, 0.5609136260758562, 0.5608274792660293, 0.5602857985678745, 0.5608366160488896, 0.5604959445736647, 0.5605559862896047, 0.5602296726160176, 0.5596814656443911, 0.5600900103637223], "test_negative_lr": [0.7962832205550653, 0.7961348661282678, 0.7908322309245129, 0.7740516096265041, 0.7741460270693307, 0.7867052023121387, 0.7895391941986634, 0.7904058575900406, 0.791271613083994, 0.793370513548021, 0.7839777769491777, 0.7797296591540336, 0.7833848927111157, 0.7920010189784742, 0.7839460111413031], "test_positive_lr": [1.2319360007145768, 1.261365057994412, 1.2776022745221922, 1.2594910795910241, 1.2637514996491386, 1.2868747589634972, 1.2892794049279404, 1.289952278143141, 1.2854767629443287, 1.2959320376637313, 1.2750378304601966, 1.2690380645310941, 1.2713650584554588, 1.280104631858808, 1.2708281858505994]}