{"train_loss": [0.6871114909379169, 0.6837430457501298, 0.6821041523996496, 0.6809874759110166, 0.6798877050980722, 0.6789818355472927, 0.6781237243010086, 0.6774612556129574, 0.6766755085263915, 0.6759042344925863, 0.6753232436217044, 0.6745574741147158, 0.674251148476473, 0.6734852586629222, 0.6729963364964443], "test_loss": [0.6838450141842183, 0.6823223877815235, 0.6817155079894784, 0.6810032258791274, 0.6809725662930431, 0.680772868750267, 0.6805939768545127, 0.6805901306985462, 0.6805684840081839, 0.6804631055180662, 0.6806595022511402, 0.6808436064980884, 0.6809298101769088, 0.6810245608512795, 0.6812620213253653], "train_acc": [0.5433526617929527, 0.5557965483687769, 0.560430676182587, 0.5630673288744036, 0.5660830749975583, 0.5679438160384013, 0.5702650398446006, 0.5716236991271446, 0.5732493154252684, 0.5747092592123683, 0.576037171413172, 0.5774287481596967, 0.5782668774348976, 0.5796428997753654, 0.5805143082449205], "test_acc": [0.5537508066734714, 0.5584712927087002, 0.5597863954358351, 0.5605011531252652, 0.561129779942048, 0.5610397924631629, 0.5612390504521229, 0.5616362808946298, 0.5610719308484791, 0.5613251813247699, 0.5613367511434838, 0.5611580617211263, 0.5603224637029076, 0.5615385802032689, 0.5607338350349537], "train_balanced_accuracy": [0.5433526617929527, 0.5557965483687769, 0.560430676182587, 0.5630673288744037, 0.5660830749975583, 0.5679438160384014, 0.5702650398446006, 0.5716236991271446, 0.5732493154252684, 0.5747092592123684, 0.576037171413172, 0.5774287481596967, 0.5782668774348976, 0.5796428997753654, 0.5805143082449205], "train_negative_lr": [0.8407466760213776, 0.7989717190147269, 0.7857751960350587, 0.77517366596044, 0.7655142139824309, 0.7611854903307014, 0.7557231461081098, 0.7501794769241251, 0.7458236002204148, 0.743401566429118, 0.7402486991057164, 0.7376639516044032, 0.7349428585078899, 0.7321365133900112, 0.7290280089162996], "train_positive_lr": [1.1903306902044362, 1.2508338144061666, 1.2773194336083398, 1.2873433075901262, 1.3028850059603447, 1.3152911949104888, 1.3308849456522664, 1.3357895343789006, 1.3458141353835438, 1.3577214790848644, 1.3668520089215592, 1.3779796328114102, 1.3823174976764239, 1.392961489517017, 1.396879257098433], "test_balanced_accuracy": [0.5537508066734714, 0.5584712927087002, 0.5597863954358351, 0.5605011531252652, 0.561129779942048, 0.5610397924631629, 0.5612390504521227, 0.5616362808946298, 0.5610732163838917, 0.5613251813247699, 0.5613367511434837, 0.5611580617211263, 0.5603224637029076, 0.5615385802032689, 0.5607338350349538], "test_negative_lr": [0.7874272350593559, 0.8041475051240979, 0.7866768801717337, 0.777633406726326, 0.7715789928762544, 0.7893050643639704, 0.7643680719405245, 0.7859563126950326, 0.7812183395656418, 0.7797589093209111, 0.7819093502029473, 0.7800025896193259, 0.8017206409302955, 0.7813066777528541, 0.7843783374257208], "test_positive_lr": [1.2174899088677125, 1.290248680658809, 1.2720805471213532, 1.2654472438901956, 1.2630583184890962, 1.2902606611893583, 1.2550488285432817, 1.2906839980114222, 1.2765388981052999, 1.2767952467158705, 1.2803892646635364, 1.2754798922956658, 1.3081287306204732, 1.2815021287606143, 1.2781726007878143]}