{"train_loss": [0.6872354131466494, 0.6837116229172305, 0.6821456315645147, 0.6809738267443236, 0.6799830342013004, 0.6790984506601623, 0.6781923464668883, 0.677450448857843, 0.676665769554184, 0.6759758369939713, 0.6754348840254673, 0.6748710709226344, 0.6742660963054218, 0.6737937483905397, 0.6731286257769126], "test_loss": [0.6838990580910825, 0.6825281086369053, 0.681837691301777, 0.6811221144626342, 0.6811840900108965, 0.6809964910812658, 0.6806791537096418, 0.680740786659995, 0.6807640161902487, 0.6810034117359647, 0.6809508754751682, 0.6810295208257409, 0.6811505287103253, 0.6810440870532327, 0.6812777554502993], "train_acc": [0.5422977215783679, 0.5555137687669535, 0.5601802148765954, 0.5633235144434687, 0.5657341978975655, 0.5681959183437084, 0.5700527961394316, 0.57203165596579, 0.5737343368919268, 0.5752379373526352, 0.576273155772863, 0.5773156134827426, 0.5786722563635166, 0.5799398559815717, 0.5812668177747726], "test_acc": [0.5537278819173063, 0.5577152228785219, 0.5593821671556882, 0.5607339167424756, 0.5601496534139685, 0.5608364190808103, 0.5613527746101707, 0.5608146373339142, 0.5611874895896063, 0.5607544172101426, 0.5602278114469487, 0.5605878509103489, 0.5596794239368585, 0.5601932169077607, 0.559998462464925], "train_balanced_accuracy": [0.5422977215783678, 0.5555137687669536, 0.5601802148765954, 0.5633235144434687, 0.5657341978975654, 0.5681959183437084, 0.5700527961394316, 0.57203165596579, 0.5737343368919268, 0.5752379373526353, 0.5762731557728629, 0.5773156134827426, 0.5786722563635166, 0.5799398559815716, 0.5812668177747726], "train_negative_lr": [0.8475833715931383, 0.7949115689195442, 0.7811982639044254, 0.772779048457715, 0.7671035942972417, 0.7581124541818858, 0.7538937521935737, 0.7479008842382631, 0.7424012503983368, 0.7405431044705324, 0.7368825223915821, 0.7331077577428115, 0.7301519903258566, 0.7266822930718262, 0.7217527952866175], "train_positive_lr": [1.1901139323499217, 1.2420821514765514, 1.2675205354916046, 1.286126439676688, 1.301874372494132, 1.3127282324352318, 1.3252891356269212, 1.3361684947404515, 1.3449352566957293, 1.358245894632344, 1.3630024186379828, 1.3676242797249012, 1.377402522985562, 1.3852144625050364, 1.3908316897522357], "test_balanced_accuracy": [0.5537278819173063, 0.5577165041577511, 0.5593834484349174, 0.5607339167424756, 0.5601496534139685, 0.5608364190808103, 0.5613527746101707, 0.5608146373339142, 0.5611874895896063, 0.5607556984893718, 0.5602278114469486, 0.5605865696311197, 0.5596794239368585, 0.5601932169077608, 0.559998462464925], "test_negative_lr": [0.8070839697466001, 0.7910066902355966, 0.7928033046323865, 0.791567912689025, 0.761480149173348, 0.7879555198285102, 0.7792285632613165, 0.7783060949009094, 0.7838582801899133, 0.790593534711182, 0.7866776793494047, 0.7827708817611333, 0.7929756253666863, 0.7761647020706872, 0.7990197130385892], "test_positive_lr": [1.2425681577592542, 1.2578521668946805, 1.2782784645960048, 1.2911287449790565, 1.2427139289721172, 1.2854883804828188, 1.2762416277741562, 1.2694705287899262, 1.2820865723129267, 1.2894960163619156, 1.2766963145223476, 1.2740311896938405, 1.2818689597995727, 1.260483607148204, 1.297802113939024]}